Keyword,Search Index,Minimum Price,Sort,Node,Competition,Global Monthly Searches,Local Monthly Searches,Approximate CPC
best accounting software,Software,,,,0.86,12100,6600,$9.00
best replacement windows,Kitchen,100,,,0.87,8100,6600,$8.10
best photo books,Kitchen,,,,0.83,9900,6600,$7.92
best internet security,Software,20,,,0.71,60500,18100,$7.10
best teeth whitening,HealthPersonalCare,,,,0.7,33100,22200,$6.75
best security software,Software,,,,0.69,27100,12100,$6.44
best virus protection,Software,,,,0.72,33100,22200,$6.14
best acne products,Beauty,10,,11060451,0.81,14800,12100,$5.83
best acne treatment,Beauty,,,11060451,0.82,49500,33100,$5.39
best phone plans,Wireless,,salesrank,,0.93,60500,40500,$5.23
best android phone,Wireless,100,salesrank,2407749011,0.32,135000,60500,$5.21
best android phones,Wireless,70,salesrank,2407749011,0.32,165000,74000,$4.98
best acne treatments,Beauty,,,11060451,0.82,60500,33100,$4.97
best tax software,Software,,,,0.76,18100,9900,$4.88
best diet plan,Books,,salesrank,,0.62,14800,8100,$4.68
best cellulite treatment,HealthPersonalCare,,,,0.91,3600,1600,$4.63
best carpet cleaner,Kitchen,50,,,0.7,40500,27100,$4.55
best treadmills,SportingGoods,200,,3407831,0.95,14800,12100,$4.45
best contact lenses,HealthPersonalCare,,,,0.74,14800,8100,$4.34
best antivirus software,Software,,,2251986011,0.6,74000,33100,$4.26
best treadmill,SportingGoods,,,,0.74,33100,22200,$4.11
best solar panels,Kitchen,100,,,0.77,14800,6600,$4.09
best camera phone,Wireless,200,salesrank,2407749011,0.32,33100,9900,$4.03
best elliptical,SportingGoods,400,salesrank,,0.84,22200,18100,$4.03
best mobile phone,Wireless,,salesrank,2407749011,0.52,201000,22200,$4.03
best phone contracts,Wireless,,salesrank,,0.86,14800,4400,$4.03
best water softener,Kitchen,,,,0.95,6600,4400,$3.79
best antivirus 2011,Software,,,2251986011,0.56,49500,14800,$3.76
best elliptical trainer,SportingGoods,400,salesrank,,0.9,3600,2400,$3.56
best antivirus 2010,Software,,,2251986011,0.56,60500,14800,$3.54
best gift baskets,Kitchen,30,,,0.9,5400,5400,$3.44
best colon cleanse,HealthPersonalCare,,,,0.77,9900,8100,$3.37
best laser printer,Electronics,80,,,0.58,40500,22200,$3.37
best notebook computers,Electronics,1500,,83353631,0.89,8100,5400,$3.20
best business ideas,Books,,salesrank,,0.68,18100,6600,$3.09
best notebook 2010,Electronics,1500,,83353631,0.45,5400,1600,$3.02
best cell phones,Wireless,100,salesrank,2407749011,0.71,90500,60500,$2.95
best smartphones,Wireless,200,salesrank,,0.42,40500,18100,$2.95
best diet pills,HealthPersonalCare,,,,0.91,60500,40500,$2.93
best air purifier,Kitchen,40,,267554011,0.95,18100,14800,$2.90
best water filter,Kitchen,30,,3741101,0.81,22200,14800,$2.87
best laptop computer,Electronics,500,,83353631,0.75,9900,8100,$2.84
best notebook,Electronics,300,,83353631,0.53,74000,27100,$2.84
best notebooks,Electronics,1000,,83353631,0.62,14800,6600,$2.81
best face cream,HealthPersonalCare,,,,0.88,22200,9900,$2.79
best facial moisturizer,HealthPersonalCare,,,,0.63,9900,8100,$2.78
best mineral makeup,Beauty,20,,,0.6,9900,6600,$2.78
best water filters,Kitchen,,,3741101,0.82,27100,22200,$2.78
best face moisturizer,Beauty,,,,0.67,22200,18100,$2.77
best mobile phones,Wireless,100,salesrank,,0.51,49500,8100,$2.76
best cellulite cream,HealthPersonalCare,,,,0.8,8100,3600,$2.75
best diets,Books,,salesrank,,0.57,33100,22200,$2.68
best air purifiers,Kitchen,50,,267554011,0.96,27100,18100,$2.67
best laptops 2011,Electronics,500,salesrank,83353631,0.47,49500,27100,$2.66
best moisturizer,Beauty,5,,,0.53,90500,60500,$2.66
best desktop computer,Electronics,200,,,0.77,22200,18100,$2.64
best probiotics,HealthPersonalCare,,,,0.6,9900,8100,$2.57
best male enhancement,HealthPersonalCare,,,,0.86,14800,12100,$2.55
best pillows,Kitchen,,,,0.86,14800,9900,$2.55
best value laptop,Electronics,500,,83353631,0.68,8100,2900,$2.54
best droid phone,Wireless,100,salesrank,,0.27,18100,14800,$2.51
best laptop computers,Electronics,500,,83353631,0.85,14800,9900,$2.51
best water heater,Kitchen,100,,,0.83,18100,18100,$2.48
best smartphone 2011,Wireless,150,salesrank,,0.44,18100,6600,$2.46
best hair products,Beauty,,,,0.6,74000,49500,$2.40
best laminate flooring,Kitchen,50,,,0.75,9900,6600,$2.40
best wrinkle cream,Beauty,,,,0.88,33100,22200,$2.39
best audio books,Books,20,,,0.23,22200,14800,$2.37
best laptop 2011,Electronics,500,,83353631,0.47,27100,12100,$2.35
best mattresses,Kitchen,100,,,0.89,22200,18100,$2.31
the best laptop,Electronics,500,salesrank,83353631,0.62,74000,40500,$2.31
best air conditioner,Kitchen,100,,,0.8,33100,18100,$2.30
best bed,Kitchen,500,,3733101,0.55,110000,74000,$2.28
best desktop computer,Electronics,1500,,,0.46,165000,90500,$2.28
best diet pill,HealthPersonalCare,,,,0.82,18100,14800,$2.26
best home printer,Electronics,100,,,0.63,14800,8100,$2.24
best pillow,Kitchen,,,,0.77,33100,22200,$2.23
best smartphone,Wireless,150,,,0.43,165000,90500,$2.20
best pregnancy test,Kitchen,,,,0.31,33100,22200,$2.18
best printers ,Electronics,100,salesrank,,0.68,90500,49500,$2.17
best inkjet printer,Electronics,100,,,0.57,14800,8100,$2.14
best wireless printer,Electronics,50,,,0.59,18100,12100,$2.14
best computers,PCHardware,300,,,0.63,110000,74000,$2.10
best netbook 2011,Electronics,500,,353275582,0.29,8100,2900,$2.09
best night cream,Beauty,,,,0.63,9900,5400,$2.08
best 3d tv,Electronics,1000,,,0.64,33100,14800,$2.07
best vitamins,HealthPersonalCare,10,salesrank,,0.53,74000,60500,$2.07
best gaming laptops,Electronics,300,,83353631,0.58,60500,33100,$2.06
best desktop pc,Electronics,1000,,,0.69,9900,3600,$2.04
best eye creams,Beauty,,,,0.82,74000,40500,$2.04
best keylogger,Software,20,,,0.42,18100,6600,$2.04
best registry cleaner,Software,,,,0.52,40500,18100,$2.04
best laptop 2010,Electronics,200,salesrank,83353631,0.41,60500,27100,$2.03
best eye cream,Beauty,,,,0.82,60500,40500,$2.02
best desktop computers,Electronics,500,,,0.74,9900,8100,$1.99
best fish oil,HealthPersonalCare,,,,0.71,22200,18100,$1.99
best htc phone,Wireless,100,salesrank,,0.47,18100,4400,$1.99
best mens watches,Watches,200,,,0.64,12100,8100,$1.99
best gaming laptop,Electronics,1500,,83353631,0.55,40500,22200,$1.98
best beds,Kitchen,,,3733101,0.67,33100,18100,$1.97
best foundation,Beauty,10,,,0.38,135000,74000,$1.94
best gaming computers,Electronics,1500,,,0.62,22200,14800,$1.94
best video camera,Photo,300,reviewrank,,0.48,60500,33100,$1.93
best mini laptop,Electronics,500,,83353631,0.73,8100,3600,$1.91
best paper shredder,Kitchen,50,,,0.81,4400,2900,$1.89
best winter tires,Automotive,100,salesrank,,0.77,8100,2900,$1.88
best tablet computer,Electronics,300,,,0.46,135000,74000,$1.87
best washer dryer,Kitchen,400,,,0.84,33100,27100,$1.86
best gaming computer,Electronics,1500,,,0.59,18100,9900,$1.84
best shower head,Kitchen,,,,0.78,8100,6600,$1.84
best car wax,Automotive,,salesrank,,0.52,18100,12100,$1.82
best scanner,Electronics,100,,,0.53,90500,49500,$1.82
best video cameras,Photo,300,reviewrank,,0.51,74000,40500,$1.82
best waterproof camera,Photo,100,,,0.28,14800,8100,$1.80
best mascara,Beauty,20,reviewrank,,0.39,74000,49500,$1.79
best slimming pills,HealthPersonalCare,,,,0.88,3600,210,$1.79
best snow tires,Automotive,50,salesrank,,0.76,9900,8100,$1.79
best dog food,PetSupplies,20,,,0.65,90500,74000,$1.78
best protein shakes,HealthPersonalCare,,,,0.42,27100,14800,$1.78
best refrigerator,Kitchen,50,,,0.77,40500,27100,$1.78
best bodybuilding supplements,HealthPersonalCare,,,,0.71,6600,3600,$1.76
best home gym,Kitchen,,,,0.61,8100,5400,$1.75
best protein bars,Grocery,,,,0.41,12100,9900,$1.75
best condoms,HealthPersonalCare,,,,0.14,33100,22200,$1.73
best refrigerators,Kitchen,300,,,0.86,27100,22200,$1.73
best pc laptop,Electronics,1000,,83353631,0.47,6600,4400,$1.72
best protein shake,HealthPersonalCare,,,,0.33,18100,9900,$1.72
best projector,Electronics,200,reviewrank,160355011,0.57,49500,27100,$1.71
best protein supplement,HealthPersonalCare,,,,0.46,12100,5400,$1.71
best refrigerators 2010,Kitchen,300,,,0.81,3600,2900,$1.71
best whey protein,HealthPersonalCare,,,,0.35,33100,18100,$1.71
best gaming desktop,Electronics,500,,,0.59,5400,3600,$1.70
best photo printer,Electronics,100,,,0.56,27100,14800,$1.69
best man gifts,Kitchen,30,,,0.9,14800,5400,$1.68
best self tanner,Beauty,,,,0.56,18100,14800,$1.68
best washer,Kitchen,400,,,0.81,74000,60500,$1.68
best steam cleaner,Kitchen,50,,,0.89,14800,12100,$1.67
best self tanners,Beauty,,,,0.59,5400,4400,$1.66
best washers,Kitchen,400,,,0.87,14800,12100,$1.66
best foundation makeup,beauty,,,,0.64,14800,9900,$1.65
best laptops 2010,Electronics,300,,83353631,0.47,60500,40500,$1.64
best furniture,Kitchen,200,,,0.64,110000,74000,$1.63
best tablet pc,Electronics,300,,,0.6,33100,18100,$1.62
best toothbrush,Kitchen,50,,,0.54,27100,14800,$1.61
best photo printers,Electronics,100,salesrank,,0.59,33100,22200,$1.59
best coffee machine,Kitchen,40,,289745,0.76,9900,1900,$1.56
best shapewear,Apparel,,,,0.93,5400,3600,$1.55
best car polish,Automotive,,salesrank,,0.56,8100,1900,$1.54
best bras,Apparel,20,,,0.77,27100,18100,$1.52
best tumble dryer,Kitchen,200,,,0.54,4400,91,$1.52
best washing machines,Kitchen,100,,,0.86,18100,6600,$1.52
best ab machine,SportingGoods,40,,,0.93,4400,3600,$1.50
best dehumidifiers,Kitchen,,,,0.9,3600,1900,$1.49
best margarita recipe,Books,,,,0.19,5400,5400,$1.48
best coffee machines,Kitchen,30,,289745,0.78,14800,2900,$1.47
best washing machine,Kitchen,200,,,0.77,49500,14800,$1.47
best price tvs,Electronics,100,,,0.93,33100,18100,$1.46
best budget laptop,Electronics,500,,83353631,0.25,6600,2900,$1.45
best exercise bike,SportingGoods,100,,,0.71,8100,4400,$1.45
best dog beds,PetSupplies,40,,,0.97,5400,3600,$1.44
best laptop brand,Electronics,500,,83353631,0.45,33100,14800,$1.44
best dishwashers,Kitchen,100,,3741281,0.88,22200,14800,$1.43
best hoover,Kitchen,50,,,0.54,9900,3600,$1.43
best multivitamin,HealthPersonalCare,,,,0.49,40500,27100,$1.43
best espresso machine,Kitchen,200,,,0.78,14800,9900,$1.41
best fitness,Books,,salesrank,,0.25,74000,40500,$1.40
best hair color,Beauty,20,,,0.4,90500,74000,$1.40
best earbuds,Electronics,30,,,0.33,33100,27100,$1.38
best hdmi cable,Electronics,10,,,0.42,18100,12100,$1.38
best watches,Watches,100,,,0.53,110000,49500,$1.38
best puppy food,Grocery,,,,0.57,18100,12100,$1.36
best scanners,Electronics,50,,,0.72,14800,9900,$1.36
best deck stain,Kitchen,,,,0.67,5400,5400,$1.35
best led tv,Electronics,100,,,0.56,90500,49500,$1.35
best protein powder,HealthPersonalCare,,,,0.42,40500,27100,$1.35
best laundry detergent,HealthPersonalCare,,salesrank,,0.42,9900,8100,$1.34
best metal detector,Electronics,100,salesrank,,0.62,9900,6600,$1.34
best bluetooth headphones,WirelessAccessories,30,salesrank,,0.55,9900,6600,$1.33
best computer monitors,Electronics,100,reviewrank,1292115011,0.63,6600,4400,$1.33
best cat food,PetSupplies,,,,0.55,27100,18100,$1.32
best trampoline,SportingGoods,50,,,0.76,8100,4400,$1.32
best appetite suppressant,HealthPersonalCare,,,,0.68,12100,8100,$1.31
best baby gifts,Baby,,psrank,,0.85,8100,6600,$1.31
best gaming pc,Electronics,1500,,,0.48,22200,9900,$1.30
best hair extensions,HealthPersonalCare,,,,0.56,22200,12100,$1.28
best winter boots,Shoes,50,,,0.73,8100,5400,$1.28
best dishwasher,Kitchen,500,,3741281,0.78,49500,33100,$1.27
best false eyelashes,Beauty,,,,0.57,4400,2400,$1.27
best sheets,Kitchen,50,,3732791,0.65,22200,18100,$1.27
best toilets,Kitchen,50,,,0.78,9900,6600,$1.27
best hard drive,PCHardware,30,,,0.34,135000,74000,$1.26
best sleeping pills,HealthPersonalCare,,,,0.34,6600,3600,$1.26
best pressure washer,Kitchen,100,,552856,0.81,8100,5400,$1.25
best canister vacuum,Kitchen,100,,510110,0.86,8100,6600,$1.24
best dehumidifier,Kitchen,100,,,0.83,12100,8100,$1.24
best led tvs,Electronics,100,,,0.57,90500,49500,$1.24
best maternity clothes,Baby,30,psrank,,0.91,2400,1900,$1.24
best lip plumper,Beauty,,,,0.48,4400,2900,$1.23
best running shoes,Shoes,70,,,0.33,110000,74000,$1.23
best hair dye,Beauty,,,,0.3,49500,27100,$1.22
best monitor,Electronics,100,reviewrank,1292115011,0.38,201000,90500,$1.22
best tvs,Electronics,100,,,0.67,60500,40500,$1.22
best video converter,Software,30,,,0.13,60500,18100,$1.22
best cat litter,PetSupplies,,,,0.42,40500,33100,$1.20
best handheld vacuum,Kitchen,50,,,0.65,4400,3600,$1.20
best sunglasses,Apparel,,,,0.56,49500,33100,$1.20
best computer monitor,Electronics,300,reviewrank,1292115011,0.43,12100,8100,$1.19
best monitors,Electronics,100,,1292115011,0.46,60500,33100,$1.19
best earphones,Electronics,50,,,0.42,40500,14800,$1.18
best electric toothbrush,HealthPersonalCare,,,,0.49,14800,8100,$1.17
best fake tan,Beauty,,,,0.31,14800,1000,$1.17
best shaver,Kitchen,,,,0.53,40500,27100,$1.16
best creatine,HealthPersonalCare,,,,0.17,40500,22200,$1.15
best dishwasher brand,Kitchen,200,,3741281,0.84,1900,1300,$1.15
best dishwashers 2010,Kitchen,200,,3741281,0.77,4400,2900,$1.15
best hd tv,Electronics,1000,,,0.55,90500,60500,$1.15
best media player,Electronics,50,,,0.11,90500,33100,$1.15
best ear plugs,Kitchen,,,,0.6,9900,5400,$1.13
best prenatal vitamins,HealthPersonalCare,10,,,0.36,14800,12100,$1.13
best car batteries,Automotive,50,salesrank,,0.56,18100,12100,$1.12
best vacuum cleaners,Kitchen,100,,,0.84,74000,40500,$1.12
best backpacks,SportingGoods,40,,,0.57,18100,14800,$1.10
best bluetooth,Wireless,200,salesrank,,0.43,110000,74000,$1.10
best car battery,Automotive,50,salesrank,,0.53,12100,9900,$1.10
best creatine supplement,HealthPersonalCare,,salesrank,,0.19,6600,4400,$1.09
best electric shaver,Kitchen,40,,,0.53,27100,18100,$1.09
trampolines best price,SportingGoods,,,,1,2400,720,$1.08
best hdtv,Electronics,100,,,0.55,74000,60500,$1.07
best walking shoes,Shoes,,,,0.68,27100,22200,$1.07
best bbq,HomeImprovement,10,,,0.15,90500,60500,$1.06
best lcd tvs,Electronics,500,,,0.57,135000,74000,$1.06
best makeup brushes,Beauty,,,,0.5,8100,5400,$1.06
best bluetooth headset,Electronics,50,,,0.41,49500,33100,$1.05
best smartphone 2010,Wireless,200,salesrank,,0.34,33100,12100,$1.05
best vacuum cleaner,Kitchen,100,,,0.84,49500,27100,$1.05
best electric razor,Kitchen,50,,,0.56,40500,27100,$1.04
best fat burners,HealthPersonalCare,,,,0.46,33100,22200,$1.04
best toilet,Kitchen,50,,,0.54,27100,18100,$1.04
best work boots,Shoes,80,,,0.73,8100,6600,$1.04
best ereaders,Electronics,100,salesrank,,0.64,9900,6600,$1.03
best upright vacuum,Kitchen,100,,,0.8,8100,6600,$1.03
best netbooks,Electronics,200,salesrank,353275582,0.39,49500,27100,$1.02
best weight gainer,HealthPersonalCare,20,,,0.34,33100,14800,$1.02
best electric shavers,Electronics,50,,,0.57,33100,18100,$1.01
best netbook,Electronics,100,salesrank,353275582,0.32,165000,74000,$1.01
best photo scanner,Electronics,100,,,0.71,5400,4400,$1.01
best lcd tv,Electronics,100,,,0.56,135000,60500,$1.00
best luggage,Kitchen,50,,,0.67,40500,27100,$1.00
best pedometer,SportingGoods,,,,0.49,8100,5400,$1.00
best dresses,Apparel,,,,0.63,74000,40500,$0.99
best chicken recipes,Books,,,,0.08,74000,49500,$0.98
best friend bracelets,Jewelry,,,,0.54,6600,5400,$0.98
best rc helicopter,Electronics,100,salesrank,,0.63,12100,6600,$0.98
best fat burner,HealthPersonalCare,,,,0.47,27100,14800,$0.97
best recipes ever,Books,,,,0.06,135000,49500,$0.97
best grills,HomeImprovement,,,,0.77,27100,22200,$0.96
best televisions,Electronics,100,,,0.72,18100,9900,$0.96
best gas grills,HomeImprovement,100,,,0.81,9900,9900,$0.95
best hd camcorders,Photo,300,,,0.4,40500,22200,$0.95
best wireless headphones,Electronics,50,,,0.48,12100,8100,$0.95
best sunscreen,Kitchen,,,11062651,0.47,33100,22200,$0.94
best ereader,Electronics,100,salesrank,,0.52,40500,27100,$0.93
best exterior paint,HomeImprovement,10,,,0.6,8100,6600,$0.93
best hd camcorder,Photo,300,,,0.39,33100,18100,$0.93
best karaoke machine,Electronics,50,,,0.69,4400,2900,$0.93
best straightening iron,Kitchen,,,,0.67,1900,1600,$0.93
best compact camera,Photo,,,,0.29,60500,22200,$0.92
best small camera,Photo,200,reviewrank,,0.54,9900,5400,$0.92
best android tablet,Electronics,200,,1232597011,0.5,27100,14800,$0.91
best gaming headset,Electronics,50,reviewrank,,0.43,18100,9900,$0.91
best golf gps,Electronics,50,,,0.42,9900,8100,$0.90
best hiking boots,Shoes,100,,,0.62,9900,8100,$0.90
best resume format,Books,,,,0.3,12100,4400,$0.90
best lcd monitor,Electronics,100,,,0.33,14800,6600,$0.89
best camera 2010,Photo,,,,0.29,74000,33100,$0.88
best hair straighteners,Beauty,,,,0.66,12100,3600,$0.88
best microwaves,Kitchen,100,,,0.75,6600,5400,$0.88
best straightener,Beauty,,,,0.55,27100,18100,$0.88
best gas grill,HomeImprovement,,,,0.68,9900,8100,$0.87
the best camera,Photo,,,,0.38,90500,40500,$0.86
best acoustic guitar,Kitchen,100,,,0.17,60500,33100,$0.85
best ebook reader,Electronics,100,,,0.39,33100,12100,$0.85
best flashlight,Kitchen,20,,,0.57,18100,14800,$0.85
best flat irons,Beauty,,,,0.64,40500,33100,$0.85
best hair straightener,Beauty,,,,0.58,22200,14800,$0.85
best pc speakers,Electronics,50,,,0.41,12100,3600,$0.84
best yoga mat,SportingGoods,,,,0.47,5400,3600,$0.84
best friend jewelry,Jewelry,50,,,0.85,3600,2900,$0.83
best flat iron,Kitchen,,,,0.6,33100,27100,$0.82
best graphics card,PCHardware,,,,0.07,60500,27100,$0.82
best plasma tv,Electronics,1000,salesrank,,0.51,40500,27100,$0.82
best christmas cookies,Books,,,,0.08,6600,5400,$0.81
best cribs,Baby,100,psrank,166815011,0.72,9900,8100,$0.81
best microwave,Kitchen,50,,,0.62,40500,27100,$0.81
best pc games,VideoGames,40,,,0.04,301000,90500,$0.81
best umbrella,Shoes,10,,,0.64,14800,9900,$0.81
best snow blower,Tools,100,,,0.59,9900,8100,$0.80
best space heaters,Kitchen,30,,,0.69,12100,9900,$0.80
best camcorder,Electronics,200,,,0.39,135000,74000,$0.79
best camcorder 2010,Electronics,200,,,0.35,14800,8100,$0.79
best leaf blower,Kitchen,200,,,0.8,4400,3600,$0.79
best wallpapers,Kitchen,,,,0.04,165000,22200,$0.79
best blow dryer,Beauty,,,,0.63,5400,4400,$0.78
best gaming mouse,Electronics,30,reviewrank,,0.3,22200,9900,$0.78
best lawn mowers,Kitchen,50,,,0.77,33100,27100,$0.78
best perfumes,Beauty,,,,0.37,33100,9900,$0.78
best computer games,VideoGames,50,,,0.14,27100,14800,$0.77
best diaper bags,Baby,,psrank,,0.69,9900,8100,$0.77
best camcorders,Electronics,100,,,0.5,33100,18100,$0.76
best diaper bag,Baby,,psrank,,0.63,6600,5400,$0.76
best iron,Kitchen,10,,510242,0.45,135000,90500,$0.76
best snowblower,Kitchen,100,,,0.59,9900,8100,$0.76
best toaster ovens,Kitchen,50,,,0.75,12100,9900,$0.76
best computer speakers,Electronics,50,reviewrank,,0.33,27100,18100,$0.75
best snow blowers,Kitchen,200,,,0.66,12100,9900,$0.75
best golf driver,SportingGoods,,,,0.32,12100,6600,$0.74
best baby bottles,Baby,,psrank,,0.36,9900,6600,$0.73
best dslr,Photo,300,salesrank,,0.18,110000,49500,$0.73
best dvd player,Electronics,100,salesrank,,0.47,49500,27100,$0.73
best garmin gps,Electronics,100,,,0.66,14800,9900,$0.73
best mp3 player,Electronics,100,salesrank,1264866011,0.34,74000,33100,$0.73
best nikon camera,Photo,100,,,0.42,14800,8100,$0.73
best tanning lotion,HealthPersonalCare,,,,0.41,27100,22200,$0.73
best canon camera,Photo,200,,,0.41,27100,14800,$0.72
best golf balls,SportingGoods,,,,0.55,9900,6600,$0.72
best lawn mower,Kitchen,100,,,0.72,27100,18100,$0.72
best baby toys,Baby,,psrank,,0.53,6600,3600,$0.71
best golf clubs,SportingGoods,100,,,0.41,27100,18100,$0.71
best hdtv antenna,Electronics,30,,,0.82,8100,6600,$0.71
best humidifiers,Kitchen,50,,,0.74,5400,4400,$0.71
best tents,SportingGoods,,,,0.64,18100,9900,$0.71
best netbook 2010,Electronics,300,,353275582,0.27,22200,8100,$0.70
best steam mop,Kitchen,,,,0.69,9900,8100,$0.70
best yoga dvd,DVD,,reviewrank,,0.32,9900,6600,$0.70
best cordless phone,Electronics,20,,,0.63,18100,12100,$0.69
best hair dryer,Kitchen,40,,,0.65,22200,14800,$0.69
best car seat,Kitchen,50,,166839011,0.43,40500,33100,$0.68
best coffee maker,Kitchen,50,reviewrank,289745,0.67,40500,33100,$0.68
best coffee makers,Kitchen,50,,289745,0.7,60500,49500,$0.68
best kitchen knives,Kitchen,30,,,0.48,8100,5400,$0.68
best nonstick cookware,Kitchen,50,reviewrank,,0.68,4400,3600,$0.68
best space heater,Kitchen,50,,,0.64,5400,5400,$0.68
best toaster oven,Kitchen,100,,,0.72,9900,8100,$0.68
best hair dryers,Kitchen,,,,0.68,27100,18100,$0.67
best cordless phones,Kitchen,50,,,0.65,33100,22200,$0.66
best dslr camera,Photo,300,salesrank,,0.26,40500,18100,$0.66
best humidifier,Kitchen,50,,,0.62,22200,18100,$0.66
best binoculars,SportingGoods,40,,,0.63,27100,14800,$0.65
best board games,Kitchen,,,,0.11,40500,27100,$0.65
best breast pump,Baby,,psrank,,0.32,12100,8100,$0.65
best car seats,Kitchen,50,,166839011,0.47,74000,49500,$0.65
best friend rings,Jewelry,100,,,0.59,3600,2900,$0.65
best cookware sets,Kitchen,110,reviewrank,,0.65,1900,1900,$0.64
best mp3 players,Electronics,100,,1264866011,0.52,22200,12100,$0.64
the best games -controller,VideoGames,20,,,0.2,246000,74000,$0.64
best baby strollers,Baby,50,psrank,166845011,0.61,9900,6600,$0.63
best friend necklaces,Jewelry,50,,,0.57,14800,12100,$0.63
best gps 2010,Electronics,100,,,0.43,14800,9900,$0.63
best gps units,Electronics,100,,,0.66,4400,3600,$0.63
best slr cameras,Photo,500,salesrank,,0.29,60500,27100,$0.63
best baby monitor,Baby,,psrank,166870011,0.41,14800,9900,$0.62
best booster seats,Baby,,psrank,,0.68,5400,4400,$0.62
best double stroller,Baby,50,psrank,166845011,0.58,8100,6600,$0.62
best game ever -controller,VideoGames,,,,0.12,110000,49500,$0.62
best baby monitors,Baby,30,psrank,166870011,0.43,22200,12100,$0.61
best games ever,VideoGames,,,,0.13,90500,33100,$0.61
best motherboard,Electronics,50,,,0.34,74000,33100,$0.61
best slr,Photo,300,salesrank,,0.26,90500,40500,$0.61
best stroller,Kitchen,50,,166845011,0.52,49500,33100,$0.61
best strollers,Kitchen,100,,166845011,0.58,27100,18100,$0.61
best xbox games -controller,VideoGames,20,,,0.04,135000,74000,$0.61
best christmas movies,DVD,,salesrank,,0.05,33100,18100,$0.60
best digital camcorder,Electronics,300,,,0.45,5400,3600,$0.60
best gadgets,Electronics,50,,,0.14,40500,14800,$0.60
best juicer,Kitchen,50,,,0.73,27100,18100,$0.60
best slr camera,Photo,,,,0.28,40500,22200,$0.60
best subwoofer,Electronics,100,,,0.2,40500,27100,$0.60
best coffee grinder,Kitchen,30,,,0.58,6600,5400,$0.59
best digital cameras,Photo,200,,,0.45,110000,60500,$0.59
best interior paint,HomeImprovement,,,,0.52,8100,6600,$0.59
best bikes,SportingGoods,,,,0.44,90500,49500,$0.58
best irons,Beauty,,,510242,0.39,60500,33100,$0.58
best workout songs,MP3Downloads,,salesrank,,0.05,27100,22200,$0.58
best car speakers,Automotive,,salesrank,,0.34,14800,9900,$0.57
best digital slr,Photo,300,salesrank,,0.31,40500,18100,$0.57
best mmorpg games,VideoGames,,,,0.39,14800,5400,$0.57
best toaster,Kitchen,,,,0.7,22200,18100,$0.57
best tv antenna,Electronics,500,,,0.85,12100,9900,$0.57
best radar detectors,Electronics,50,,,0.56,22200,18100,$0.56
best cookware,Kitchen,50,,,0.6,33100,27100,$0.55
best knife sharpener,Kitchen,,,,0.62,8100,5400,$0.54
best routers,Electronics,40,,,0.46,33100,22200,$0.54
best jogging stroller,Baby,50,psrank,166845011,0.64,5400,5400,$0.53
best wifi router,Electronics,40,,,0.51,6600,3600,$0.53
best wireless keyboard,Electronics,30,,,0.42,12100,6600,$0.53
the best gps,Electronics,50,,,0.59,27100,22200,$0.53
best radar detector,Electronics,100,,,0.54,18100,14800,$0.52
best songs ever,MP3Downloads,2,reviewrank,,0.01,135000,40500,$0.52
best bicycles,SportingGoods,500,,,0.58,12100,8100,$0.51
best blenders,Kitchen,30,,,0.78,8100,6600,$0.51
best cameras 2010,Photo,200,salesrank,,0.42,40500,27100,$0.51
best juicers,Kitchen,,,,0.75,33100,22200,$0.51
best lawn tractor,Kitchen,200,,,0.75,3600,2900,$0.51
best motherboards,PCHardware,50,,,0.45,8100,4400,$0.51
best rap songs,MP3Downloads,5,salesrank,,0.01,90500,60500,$0.51
best costumes,Apparel,20,,,0.25,90500,60500,$0.50
best halloween costumes,Apparel,20,,,0.13,74000,60500,$0.50
best high chair,Baby,,psrank,,0.6,8100,4400,$0.50
best golf irons,SportingGoods,,,,0.26,12100,8100,$0.49
best toasters,Kitchen,30,salesrank,,0.71,4400,2400,$0.49
best pressure cooker,Kitchen,30,,,0.64,5400,4400,$0.48
best wireless mouse,Electronics,40,,,0.38,18100,9900,$0.48
best cordless drill,Electronics,50,,,0.5,9900,6600,$0.47
best high chairs,Baby,50,psrank,,0.66,9900,5400,$0.46
best kite,Toys,,salesrank,,0.26,18100,4400,$0.46
best mmo,VideoGames,,,,0.15,40500,22200,$0.45
best bathroom scale,Kitchen,40,,,0.67,2900,2400,$0.44
best bread maker,Kitchen,100,,,0.43,8100,2900,$0.44
best curling iron,Kitchen,,,,0.42,14800,9900,$0.44
best sewing machine,Kitchen,150,reviewrank,,0.52,22200,14800,$0.44
best chainsaw,Tools,100,,552918,0.55,9900,8100,$0.43
best mmorpg,VideoGames,,,,0.25,110000,49500,$0.43
best breadmaker,Kitchen,100,,,0.43,8100,2900,$0.42
best country songs,MP3Downloads,2,reviewrank,,0.01,49500,40500,$0.42
best curling irons,Kitchen,30,,,0.44,18100,12100,$0.42
best kites,Toys,,salesrank,,0.42,4400,1600,$0.42
best universal remote,Electronics,50,,,0.43,8100,6600,$0.42
best wireless routers,Electronics,50,reviewrank,,0.41,110000,74000,$0.41
best dvd recorder,Electronics,200,,1036920,0.6,12100,6600,$0.40
best food processors,Kitchen,50,,,0.49,22200,12100,$0.40
best mountain bike,SportingGoods,500,,,0.31,49500,27100,$0.40
best wireless router,Electronics,50,reviewrank,,0.41,110000,74000,$0.40
best food processor,Kitchen,100,,,0.46,18100,9900,$0.39
best irons 2010,Kitchen,50,,510242,0.29,6600,3600,$0.39
best sewing machines,Kitchen,150,reviewrank,,0.66,6600,4400,$0.39
best slow cooker,Kitchen,50,,,0.23,27100,14800,$0.39
best steam iron,Kitchen,50,,510242,0.78,8100,2900,$0.39
best steam irons,Kitchen,30,,510242,0.79,14800,4400,$0.39
best waffle maker,Kitchen,,,,0.6,3600,2900,$0.39
best rice cooker,Kitchen,30,,,0.44,8100,5400,$0.38
best quotes,Books,,,,0.02,60500,22200,$0.37
best deep fryer,Kitchen,40,,,0.64,5400,3600,$0.36
best meatloaf recipe,Books,,,,0.13,12100,9900,$0.36
best mountain bikes,SportingGoods,500,,,0.48,9900,5400,$0.36
best road bikes,SportingGoods,1000,,,0.46,12100,8100,$0.36
best slow cookers,Kitchen,30,,,0.26,27100,18100,$0.36
best bread machine,Kitchen,50,,,0.28,8100,6600,$0.35
best crock pot,Kitchen,,,,0.12,27100,27100,$0.35
best wedding songs,MP3Downloads,,salesrank,,0.07,33100,22200,$0.34
best gps 2011,Electronics,100,,,0.41,4400,3600,$0.32
best mmorpg 2010,VideoGames,,,,0.25,18100,6600,$0.31
best paintball gun,SportingGoods,50,,,0.28,9900,8100,$0.29
best bluray player,Electronics,100,salesrank,,0.44,49500,33100,$0.28
best movies ever,DVD,,,,0.05,110000,27100,$0.21